<?xml version="1.0" encoding="UTF-8"?>
<!DOCTYPE mapper PUBLIC "-//mybatis.org//DTD Mapper 3.0//EN" "http://mybatis.org/dtd/mybatis-3-mapper.dtd">

<!-- 해당 파일에 모든 쿼리문을 작성 -->
<mapper namespace="boardMapper">
    <resultMap id="board" type="com.green.BasicBoard.vo.BoardVO">
        <result column="BOARD_NUM" property="boardNum"/>
        <result column="BOARD_TITLE" property="boardTitle"/>
        <result column="BOARD_CONTENT" property="boardContent"/>
        <result column="WRITER" property="writer"/>
        <result column="CREATE_DATE" property="createDate"/>
        <result column="READ_CNT" property="readCnt"/>
    </resultMap>

    <!-- 게시판 목록 조회 -->
    <select id="selectBoard" resultMap="board">
        SELECT BOARD_NUM
            , BOARD_TITLE
            , WRITER
            , CREATE_DATE
            , READ_CNT
        FROM BASIC_BOARD

    </select>

    <!--  게시글 등록  -->
    <insert id="insertBoard">
        INSERT INTO BASIC_BOARD (
            BOARD_NUM
            , BOARD_TITLE
            , WRITER
            , CREATE_DATE
            , BOARD_CONTENT
        ) VALUES (
            #{boardNum}
            , #{boardTitle}
            , #{writer}
            , #{createDate}
            , #{boardContent}
        )
    </insert>

    <!--  게시글 상세 조회  -->
    <select id="selectDetail" resultMap="board">
        SELECT BOARD_NUM
            , WRITER
            , CREATE_DATE
            , BOARD_TITLE
            , BOARD_CONTENT
        FROM BASIC_BOARD
        WHERE BOARD_NUM = #{boardNum}
    </select>

    <!--  선택한 게시글 삭제  -->
    <delete id="deleteBoard">
        DELETE FROM BASIC_BOARD
        WHERE BOARD_NUM = #{boardNum}
    </delete>

    <update id="updateBoard">
        UPDATE BASIC_BOARD
        SET
            BOARD_TITLE = #{boardTitle}
            , BOARD_CONTENT = #{boardContent}
        WHERE BOARD_NUM = #{boardNum}
    </update>

    <update id="readCnt">
        UPDATE BASIC_BOARD
        SET
            READ_CNT = READ_CNT + 1
        WHERE BOARD_NUM = #{boardNum}

    </update>


</mapper>































